TYPE,TRACE,A,B,C

DATE & TIME,07Nov2008 12:35AM WST
INSTRUMENT,86142A,SN US38380435,REV B.04.02
AIR/VACUUM/STP,VACUUM

TRACE,A,B,C
START,1425.000,1425.000,1425.000
STOP,1675.000,1675.000,1675.000
HORIZONTAL SCALE,nm,nm,nm
LENGTH (pts),1001,1001,1001
RBW (nm),0.20,0.20,0.20
VBW (Hz),194,194,194

REFERENCE LEVEL (dBm),-30.32,-30.32,-30.32
VERTICAL SCALE,dBm,dBm,dBm
SENSITIVITY (dBm),-79.87,-79.87,-79.87

AVERAGING,OFF,OFF,OFF
MIN,OFF,OFF,OFF
MAX,OFF,OFF,OFF
SMOOTHING,OFF,OFF,OFF
TRACE MATH,OFF,OFF,OFF
OFFSET (dB),0.000,0.000,0.000

MARKER,1
MARKER TRACE,A
MARKER X POSITION,1550.000
MARKER AMPLITUDE,-57.690
MARKER UNITS,dBm

INDEX,A,B,C
1,-54.101,-42.530,-52.808
2,-54.172,-42.214,-52.464
3,-54.143,-41.848,-52.396
4,-54.092,-42.215,-52.556
5,-52.958,-42.033,-52.601
6,-52.176,-41.798,-52.275
7,-52.161,-41.809,-52.507
8,-52.772,-41.833,-52.513
9,-53.099,-41.768,-52.207
10,-53.933,-41.738,-52.324
11,-54.013,-42.039,-52.384
12,-53.726,-41.915,-52.286
13,-52.830,-41.895,-51.963
14,-52.286,-42.146,-52.282
15,-51.913,-41.965,-52.390
16,-51.787,-41.860,-51.994
17,-52.918,-41.841,-52.076
18,-53.977,-42.073,-52.493
19,-53.859,-41.714,-52.134
20,-53.585,-41.646,-52.221
21,-52.930,-41.783,-52.239
22,-52.020,-41.601,-51.962
23,-51.403,-41.552,-51.741
24,-51.804,-41.784,-51.952
25,-52.388,-41.616,-51.994
26,-53.235,-41.553,-51.618
27,-53.540,-41.790,-52.100
28,-53.753,-41.822,-51.992
29,-52.368,-41.681,-51.632
30,-51.806,-41.541,-51.843
31,-51.798,-41.965,-52.088
32,-51.594,-41.586,-51.951
33,-52.089,-41.598,-51.906
34,-53.432,-41.760,-52.116
35,-53.563,-41.497,-51.795
36,-53.354,-41.550,-51.552
37,-52.728,-41.605,-51.738
38,-52.011,-41.711,-52.042
39,-51.227,-41.601,-51.714
40,-51.239,-41.458,-51.640
41,-52.161,-41.696,-51.965
42,-52.862,-41.542,-51.785
43,-53.018,-41.261,-51.525
44,-53.533,-41.640,-51.930
45,-52.892,-41.531,-51.882
46,-51.537,-41.354,-51.325
47,-51.261,-41.421,-51.539
48,-51.419,-41.413,-51.944
49,-51.520,-41.281,-51.474
50,-52.550,-41.307,-51.352
51,-53.343,-41.468,-51.736
52,-53.193,-41.405,-51.559
53,-52.587,-41.295,-51.618
54,-51.797,-41.351,-51.640
55,-51.499,-41.469,-51.836
56,-50.872,-41.290,-51.514
57,-51.278,-41.228,-51.309
58,-52.753,-41.432,-51.761
59,-53.142,-41.281,-51.416
60,-53.114,-41.258,-51.358
61,-52.934,-41.377,-51.553
62,-51.955,-41.417,-51.609
63,-51.057,-41.186,-51.402
64,-51.038,-41.285,-51.528
65,-51.740,-41.433,-51.707
66,-52.353,-41.279,-51.309
67,-52.860,-41.104,-51.321
68,-53.517,-41.418,-51.838
69,-52.788,-41.232,-51.557
70,-51.564,-41.078,-51.478
71,-51.374,-41.350,-51.683
72,-51.144,-41.335,-51.649
73,-51.342,-41.224,-51.463
74,-52.294,-41.095,-51.363
75,-53.212,-41.476,-51.767
76,-53.072,-41.161,-51.598
77,-52.612,-41.154,-51.391
78,-51.940,-41.397,-51.882
79,-51.363,-41.238,-51.746
80,-50.819,-41.200,-51.563
81,-51.312,-41.234,-51.593
82,-52.753,-41.557,-51.859
83,-53.125,-41.306,-51.517
84,-53.459,-41.377,-51.680
85,-53.352,-41.634,-52.105
86,-51.961,-41.416,-51.837
87,-51.134,-41.307,-51.434
88,-51.067,-41.451,-51.704
89,-51.729,-41.643,-51.853
90,-52.177,-41.335,-51.413
91,-52.900,-41.409,-51.363
92,-53.383,-41.606,-51.913
93,-52.829,-41.416,-51.705
94,-51.657,-41.371,-51.438
95,-51.452,-41.479,-51.872
96,-51.280,-41.557,-51.779
97,-51.390,-41.436,-51.429
98,-52.308,-41.202,-51.416
99,-53.278,-41.616,-51.780
100,-53.217,-41.333,-51.649
101,-52.558,-41.148,-51.542
102,-52.177,-41.600,-51.825
103,-51.528,-41.364,-51.967
104,-50.943,-41.360,-51.586
105,-51.605,-41.389,-51.658
106,-53.052,-41.517,-52.022
107,-53.273,-41.454,-51.578
108,-53.096,-41.185,-51.516
109,-52.929,-41.634,-51.954
110,-52.037,-41.580,-52.045
111,-51.148,-41.329,-51.829
112,-51.295,-41.677,-51.985
113,-52.080,-41.636,-52.022
114,-52.883,-41.481,-51.568
115,-53.338,-41.422,-51.617
116,-53.975,-41.584,-52.312
117,-53.002,-41.618,-52.094
118,-51.744,-41.362,-51.843
119,-51.474,-41.507,-52.001
120,-51.758,-41.754,-52.259
121,-52.075,-41.441,-51.862
122,-53.205,-41.534,-51.752
123,-53.917,-41.902,-52.430
124,-53.816,-41.566,-52.212
125,-52.462,-41.591,-51.893
126,-52.184,-41.618,-52.200
127,-51.756,-41.773,-52.281
128,-51.348,-41.571,-51.779
129,-52.082,-41.479,-51.795
130,-53.754,-41.803,-52.147
131,-53.989,-41.560,-52.289
132,-53.475,-41.385,-52.013
133,-52.724,-41.760,-52.372
134,-52.129,-41.726,-52.391
135,-51.369,-41.585,-51.848
136,-51.799,-41.688,-52.120
137,-52.703,-41.748,-52.320
138,-53.403,-41.793,-52.081
139,-53.315,-41.481,-51.973
140,-53.734,-41.778,-52.321
141,-52.918,-41.933,-52.636
142,-51.838,-41.624,-52.203
143,-51.519,-41.752,-52.240
144,-52.546,-41.989,-52.709
145,-53.214,-41.809,-52.410
146,-53.480,-41.765,-52.119
147,-54.097,-42.030,-52.680
148,-53.771,-41.916,-52.752
149,-52.393,-41.832,-52.304
150,-52.093,-41.771,-52.464
151,-52.147,-42.128,-52.557
152,-52.333,-41.978,-52.240
153,-53.144,-41.654,-52.143
154,-53.977,-42.154,-52.561
155,-54.502,-42.002,-53.037
156,-53.273,-41.952,-52.386
157,-52.402,-41.916,-52.619
158,-52.332,-42.070,-53.065
159,-52.082,-42.132,-52.822
160,-52.687,-41.758,-52.347
161,-54.201,-42.142,-52.442
162,-54.264,-42.088,-52.730
163,-53.894,-41.872,-52.498
164,-53.020,-41.920,-52.682
165,-52.839,-42.072,-53.161
166,-52.170,-42.002,-52.648
167,-51.919,-41.790,-52.328
168,-53.326,-42.125,-52.769
169,-54.567,-42.180,-52.980
170,-54.223,-42.019,-52.843
171,-54.022,-41.945,-52.777
172,-52.975,-42.259,-53.018
173,-52.159,-42.063,-52.944
174,-51.993,-41.856,-52.512
175,-52.820,-42.159,-52.826
176,-54.090,-42.184,-52.915
177,-53.844,-41.913,-52.543
178,-53.855,-41.890,-52.634
179,-53.999,-42.089,-53.085
180,-52.909,-42.103,-53.125
181,-51.953,-41.837,-52.658
182,-52.396,-42.050,-52.909
183,-53.062,-42.181,-52.837
184,-54.195,-41.857,-52.582
185,-54.011,-42.042,-52.609
186,-54.342,-42.168,-52.919
187,-53.210,-42.209,-53.147
188,-52.115,-41.918,-52.560
189,-52.324,-42.114,-53.112
190,-52.928,-42.338,-52.895
191,-53.373,-42.074,-52.561
192,-53.799,-41.999,-52.629
193,-54.309,-42.287,-53.010
194,-53.981,-42.154,-53.045
195,-52.711,-41.966,-52.684
196,-52.172,-42.093,-53.008
197,-52.588,-42.229,-53.457
198,-53.053,-42.171,-53.002
199,-54.013,-41.915,-52.650
200,-54.369,-42.264,-52.953
201,-54.419,-42.389,-52.998
202,-52.819,-41.951,-52.949
203,-52.529,-42.219,-53.110
204,-52.732,-42.325,-53.719
205,-52.851,-42.274,-53.257
206,-53.432,-42.057,-52.735
207,-54.427,-42.122,-53.214
208,-54.828,-42.405,-53.516
209,-53.892,-42.109,-53.099
210,-52.852,-42.104,-53.062
211,-52.631,-42.334,-53.443
212,-52.469,-42.279,-53.122
213,-53.075,-41.998,-53.094
214,-54.741,-42.361,-53.410
215,-54.951,-42.447,-53.578
216,-54.368,-42.203,-53.076
217,-52.937,-42.378,-52.984
218,-52.862,-42.269,-53.913
219,-52.842,-42.485,-53.806
220,-52.912,-42.090,-53.306
221,-53.901,-42.239,-53.368
222,-54.747,-42.580,-53.588
223,-54.726,-42.329,-53.390
224,-53.968,-42.229,-53.180
225,-53.322,-42.520,-53.479
226,-52.813,-42.419,-53.606
227,-52.458,-42.217,-53.215
228,-53.494,-42.349,-53.508
229,-55.443,-42.427,-53.945
230,-54.927,-42.491,-53.540
231,-54.374,-42.087,-53.071
232,-53.362,-42.288,-53.512
233,-53.040,-42.548,-54.062
234,-52.585,-42.183,-53.750
235,-53.186,-42.407,-53.563
236,-54.887,-42.532,-53.941
237,-54.968,-42.453,-53.751
238,-54.859,-42.251,-53.366
239,-54.064,-42.374,-53.370
240,-53.399,-42.581,-53.578
241,-52.491,-42.364,-53.391
242,-52.622,-42.143,-53.245
243,-54.127,-42.383,-54.030
244,-55.442,-42.635,-54.126
245,-55.089,-42.223,-53.539
246,-54.425,-42.476,-53.636
247,-53.604,-42.694,-53.986
248,-52.894,-42.420,-53.875
249,-52.600,-42.317,-53.509
250,-53.679,-42.412,-53.667
251,-55.334,-42.595,-53.968
252,-54.527,-42.508,-53.683
253,-54.615,-42.286,-53.765
254,-54.027,-42.617,-54.142
255,-53.218,-42.724,-53.982
256,-52.688,-42.329,-53.395
257,-53.145,-42.634,-53.554
258,-54.851,-42.701,-54.299
259,-55.064,-42.518,-54.258
260,-55.003,-42.371,-53.690
261,-54.420,-42.537,-54.154
262,-53.480,-42.753,-54.155
263,-52.793,-42.487,-53.829
264,-53.338,-42.457,-53.779
265,-54.715,-42.767,-54.118
266,-55.170,-42.614,-53.784
267,-54.758,-42.371,-53.526
268,-54.281,-42.471,-53.943
269,-53.918,-42.690,-54.769
270,-53.273,-42.569,-54.161
271,-53.086,-42.453,-53.837
272,-54.372,-42.613,-54.189
273,-55.226,-42.756,-54.472
274,-55.129,-42.540,-54.108
275,-54.900,-42.470,-54.122
276,-53.908,-42.673,-54.498
277,-53.047,-42.536,-54.040
278,-52.930,-42.319,-53.532
279,-54.077,-42.501,-53.633
280,-55.504,-42.766,-54.001
281,-54.923,-42.557,-53.529
282,-54.258,-42.505,-53.601
283,-53.892,-42.505,-54.229
284,-53.686,-42.759,-54.735
285,-53.293,-42.465,-54.186
286,-53.987,-42.449,-53.982
287,-55.410,-42.949,-54.325
288,-54.859,-42.626,-54.139
289,-54.515,-42.510,-53.881
290,-53.739,-42.576,-53.882
291,-53.670,-42.712,-54.296
292,-53.086,-42.599,-53.896
293,-53.376,-42.496,-53.777
294,-55.379,-42.570,-54.008
295,-55.739,-42.893,-54.318
296,-55.142,-42.393,-53.690
297,-53.814,-42.478,-53.855
298,-53.488,-42.839,-54.272
299,-53.519,-42.566,-54.681
300,-53.784,-42.500,-54.325
301,-55.577,-42.527,-54.456
302,-55.837,-42.758,-54.648
303,-55.369,-42.623,-54.266
304,-53.834,-42.494,-54.146
305,-53.626,-42.605,-54.381
306,-53.821,-42.990,-54.388
307,-53.788,-42.597,-53.816
308,-54.897,-42.526,-53.979
309,-55.402,-42.994,-54.632
310,-55.525,-42.753,-54.761
311,-54.367,-42.549,-54.447
312,-53.588,-42.669,-54.489
313,-54.028,-42.808,-54.872
314,-54.199,-42.664,-54.759
315,-55.306,-42.673,-54.061
316,-55.902,-42.517,-54.585
317,-55.729,-43.023,-54.412
318,-53.985,-42.535,-53.990
319,-53.292,-42.398,-54.066
320,-53.879,-42.876,-54.699
321,-54.674,-42.712,-54.480
322,-55.431,-42.546,-53.797
323,-55.304,-42.670,-53.820
324,-55.459,-42.801,-54.750
325,-54.165,-42.696,-54.694
326,-53.308,-42.594,-54.463
327,-53.970,-42.588,-54.914
328,-54.816,-43.047,-54.879
329,-55.754,-42.619,-54.288
330,-55.155,-42.501,-53.942
331,-55.605,-42.756,-54.542
332,-54.487,-42.848,-54.827
333,-53.422,-42.523,-54.296
334,-53.227,-42.614,-53.962
335,-54.711,-42.750,-54.582
336,-55.973,-42.690,-54.684
337,-55.501,-42.569,-54.245
338,-55.152,-42.544,-54.202
339,-54.425,-42.906,-54.754
340,-53.716,-42.697,-54.841
341,-53.708,-42.491,-54.523
342,-55.337,-42.663,-54.884
343,-56.489,-42.925,-55.075
344,-55.677,-42.628,-54.477
345,-54.716,-42.616,-54.127
346,-54.136,-42.797,-54.324
347,-54.035,-42.840,-54.491
348,-53.996,-42.640,-53.963
349,-54.913,-42.502,-54.035
350,-55.923,-42.926,-54.607
351,-55.621,-42.836,-54.496
352,-54.661,-42.423,-54.582
353,-54.138,-42.625,-54.778
354,-54.507,-42.892,-55.256
355,-54.558,-42.582,-54.642
356,-55.552,-42.617,-54.301
357,-55.741,-42.704,-54.698
358,-56.065,-42.907,-54.952
359,-54.219,-42.721,-54.519
360,-53.515,-42.453,-54.314
361,-53.989,-42.903,-55.112
362,-55.212,-42.920,-55.068
363,-55.976,-42.502,-54.282
364,-55.708,-42.582,-53.998
365,-55.532,-42.871,-54.410
366,-54.420,-42.679,-54.810
367,-53.501,-42.626,-54.599
368,-54.302,-42.540,-55.098
369,-56.216,-42.740,-55.643
370,-56.501,-42.622,-54.784
371,-55.623,-42.465,-54.527
372,-54.753,-42.600,-54.838
373,-54.412,-42.840,-55.258
374,-53.621,-42.604,-54.836
375,-54.114,-42.395,-54.142
376,-55.511,-42.812,-54.360
377,-55.687,-42.823,-54.534
378,-55.474,-42.607,-54.608
379,-54.453,-42.544,-54.465
380,-54.591,-42.786,-55.328
381,-54.667,-42.729,-55.185
382,-54.845,-42.721,-54.685
383,-56.243,-42.489,-54.862
384,-56.539,-42.888,-55.538
385,-55.549,-42.708,-55.123
386,-54.152,-42.443,-54.665
387,-53.721,-42.679,-54.598
388,-54.642,-42.929,-54.885
389,-55.484,-42.532,-54.559
390,-55.129,-42.543,-54.030
391,-55.563,-42.672,-54.569
392,-54.540,-42.853,-55.039
393,-53.618,-42.681,-54.401
394,-53.645,-42.473,-54.758
395,-55.253,-42.748,-55.170
396,-56.470,-42.899,-55.070
397,-56.028,-42.630,-54.794
398,-54.714,-42.516,-54.846
399,-54.711,-42.886,-54.903
400,-54.451,-42.742,-55.290
401,-54.457,-42.578,-54.481
402,-55.548,-42.674,-54.548
403,-56.011,-42.895,-54.832
404,-55.473,-42.750,-54.925
405,-54.412,-42.596,-54.479
406,-54.018,-42.619,-54.711
407,-54.933,-42.955,-55.001
408,-55.430,-42.733,-54.746
409,-55.841,-42.441,-54.550
410,-55.555,-42.730,-55.264
411,-55.721,-42.973,-55.467
412,-54.748,-42.686,-55.522
413,-54.116,-42.440,-54.902
414,-55.376,-42.857,-55.495
415,-56.547,-42.869,-55.399
416,-56.131,-42.818,-54.814
417,-55.515,-42.615,-54.424
418,-55.312,-42.907,-55.133
419,-54.498,-42.950,-54.744
420,-54.659,-42.728,-54.862
421,-55.715,-42.560,-55.037
422,-56.649,-42.897,-55.588
423,-56.691,-42.818,-55.615
424,-54.905,-42.699,-55.303
425,-54.338,-42.663,-55.407
426,-55.370,-42.902,-56.368
427,-56.139,-42.793,-55.780
428,-56.190,-42.613,-55.314
429,-56.353,-42.730,-55.473
430,-55.597,-42.993,-55.724
431,-54.446,-42.855,-55.528
432,-54.062,-42.596,-55.459
433,-55.543,-42.933,-55.323
434,-57.052,-42.898,-55.702
435,-56.242,-42.821,-55.208
436,-55.000,-42.632,-54.914
437,-54.709,-42.979,-55.628
438,-55.091,-42.945,-56.232
439,-55.564,-42.758,-55.686
440,-56.826,-42.542,-55.316
441,-57.313,-42.933,-55.217
442,-56.285,-42.936,-55.370
443,-54.925,-42.697,-55.571
444,-54.367,-42.570,-55.816
445,-55.713,-43.029,-55.997
446,-56.668,-42.795,-55.493
447,-55.970,-42.666,-55.022
448,-55.361,-42.735,-55.335
449,-55.071,-43.046,-55.681
450,-54.847,-42.997,-55.959
451,-54.962,-42.702,-55.548
452,-56.235,-42.593,-55.670
453,-56.664,-43.020,-56.020
454,-56.090,-42.948,-55.943
455,-55.358,-42.617,-55.603
456,-54.755,-42.894,-56.261
457,-55.528,-43.081,-56.509
458,-57.121,-42.784,-55.843
459,-56.337,-42.672,-55.256
460,-56.277,-42.835,-55.720
461,-55.566,-42.967,-56.125
462,-54.506,-43.059,-56.138
463,-54.410,-42.642,-55.463
464,-56.426,-42.787,-55.793
465,-56.658,-42.975,-56.119
466,-56.575,-42.799,-55.887
467,-55.320,-42.566,-55.273
468,-54.959,-43.011,-56.503
469,-55.835,-43.051,-56.283
470,-57.114,-42.748,-56.231
471,-56.789,-42.590,-55.834
472,-57.271,-43.007,-56.480
473,-56.283,-42.925,-56.493
474,-54.823,-42.848,-56.378
475,-55.320,-42.640,-56.099
476,-56.919,-42.848,-56.235
477,-57.442,-42.971,-56.013
478,-56.325,-42.718,-55.779
479,-55.244,-42.578,-55.665
480,-55.259,-43.107,-56.515
481,-56.232,-42.967,-56.677
482,-56.814,-42.589,-56.437
483,-57.176,-42.694,-56.127
484,-57.013,-42.905,-56.542
485,-56.038,-42.823,-56.586
486,-55.053,-42.741,-56.816
487,-56.045,-42.713,-56.475
488,-57.391,-42.884,-57.066
489,-57.536,-42.926,-56.049
490,-56.311,-42.520,-55.877
491,-55.009,-42.631,-56.521
492,-55.675,-43.003,-56.724
493,-56.542,-42.965,-56.294
494,-57.331,-42.613,-55.696
495,-57.594,-42.778,-55.887
496,-57.129,-42.914,-57.029
497,-55.922,-42.834,-57.449
498,-55.687,-42.583,-56.924
499,-57.413,-42.778,-56.701
500,-58.011,-42.880,-56.877
501,-57.690,-42.919,-56.157
502,-56.112,-42.486,-56.366
503,-55.368,-42.738,-56.796
504,-56.244,-42.825,-56.859
505,-57.283,-42.778,-56.424
506,-57.199,-42.460,-54.960
507,-56.876,-42.809,-55.609
508,-56.273,-42.901,-57.277
509,-55.624,-42.704,-57.443
510,-56.641,-42.403,-56.196
511,-58.112,-42.754,-55.814
512,-57.858,-42.810,-55.785
513,-57.194,-42.751,-56.837
514,-55.638,-42.445,-57.942
515,-56.607,-42.658,-57.073
516,-58.239,-42.718,-56.743
517,-57.851,-42.679,-55.591
518,-56.945,-42.440,-56.422
519,-56.441,-42.736,-57.719
520,-55.815,-42.758,-57.599
521,-56.403,-42.690,-56.340
522,-57.165,-42.397,-55.074
523,-57.347,-42.668,-55.655
524,-57.011,-42.826,-56.989
525,-55.634,-42.676,-57.369
526,-55.939,-42.416,-56.397
527,-58.280,-42.893,-56.301
528,-58.999,-42.806,-56.266
529,-58.361,-42.491,-57.893
530,-56.636,-42.440,-57.845
531,-56.516,-42.676,-57.455
532,-57.982,-42.761,-56.283
533,-58.772,-42.602,-55.501
534,-58.189,-42.418,-56.313
535,-56.982,-42.527,-58.279
536,-56.338,-42.725,-57.824
537,-57.172,-42.542,-56.303
538,-57.772,-42.347,-55.406
539,-57.671,-42.700,-56.366
540,-57.536,-42.808,-58.386
541,-56.773,-42.397,-58.637
542,-56.946,-42.377,-57.362
543,-58.815,-42.658,-56.592
544,-58.229,-42.706,-56.940
545,-57.673,-42.485,-57.859
546,-56.491,-42.460,-58.752
547,-57.220,-42.567,-58.288
548,-58.809,-42.751,-56.723
549,-58.390,-42.456,-55.791
550,-57.476,-42.274,-57.168
551,-57.057,-42.616,-57.644
552,-56.540,-42.844,-58.011
553,-57.740,-42.318,-56.821
554,-58.282,-42.307,-55.434
555,-58.179,-42.621,-56.753
556,-57.165,-42.558,-58.232
557,-56.375,-42.419,-57.299
558,-57.816,-42.337,-56.499
559,-59.058,-42.487,-56.203
560,-59.393,-42.666,-57.834
561,-57.477,-42.434,-58.927
562,-56.207,-42.213,-59.041
563,-56.976,-42.560,-56.736
564,-58.469,-42.687,-56.674
565,-58.706,-42.375,-56.524
566,-56.942,-42.268,-57.656
567,-56.254,-42.565,-57.328
568,-57.195,-42.558,-56.497
569,-58.459,-42.357,-55.671
570,-58.909,-42.298,-56.967
571,-57.910,-42.555,-58.139
572,-56.940,-42.669,-57.750
573,-56.938,-42.412,-56.745
574,-58.825,-42.210,-55.947
575,-59.415,-42.471,-57.476
576,-58.067,-42.594,-58.248
577,-56.567,-42.405,-57.673
578,-57.192,-42.262,-55.887
579,-58.617,-42.505,-55.877
580,-57.838,-42.606,-56.948
581,-56.935,-42.334,-58.043
582,-55.865,-42.233,-57.519
583,-57.079,-42.494,-56.389
584,-58.822,-42.621,-56.178
585,-57.980,-42.398,-56.663
586,-56.698,-42.217,-56.867
587,-56.545,-42.424,-57.767
588,-58.073,-42.559,-56.580
589,-58.720,-42.344,-56.395
590,-58.559,-42.244,-57.870
591,-56.819,-42.449,-58.144
592,-56.478,-42.565,-57.905
593,-58.482,-42.441,-56.071
594,-58.630,-42.132,-56.179
595,-57.734,-42.342,-57.297
596,-56.121,-42.691,-57.310
597,-55.809,-42.555,-56.066
598,-57.866,-42.184,-54.847
599,-57.955,-42.444,-56.353
600,-57.929,-42.629,-57.824
601,-55.921,-42.416,-57.599
602,-56.139,-42.274,-55.583
603,-57.975,-42.497,-55.164
604,-57.931,-42.597,-57.336
605,-56.807,-42.549,-57.204
606,-55.564,-42.248,-57.307
607,-57.295,-42.307,-55.425
608,-58.647,-42.466,-55.914
609,-58.533,-42.526,-57.933
610,-55.472,-42.144,-57.790
611,-55.602,-42.379,-55.726
612,-57.861,-42.668,-55.164
613,-57.856,-42.588,-56.134
614,-55.839,-42.127,-56.004
615,-54.409,-42.295,-56.270
616,-55.906,-42.552,-55.264
617,-58.200,-42.487,-55.718
618,-57.833,-42.249,-57.130
619,-55.244,-42.343,-57.680
620,-55.264,-42.388,-55.906
621,-57.005,-42.547,-54.965
622,-57.211,-42.162,-56.091
623,-56.040,-42.189,-56.640
624,-54.909,-42.456,-56.234
625,-55.823,-42.626,-54.508
626,-56.926,-42.226,-54.553
627,-56.500,-42.225,-56.170
628,-54.697,-42.431,-56.139
629,-54.791,-42.581,-54.726
630,-56.058,-42.178,-53.728
631,-56.041,-42.316,-55.663
632,-54.769,-42.439,-56.043
633,-54.092,-42.550,-54.932
634,-55.098,-42.249,-53.213
635,-55.731,-42.254,-54.853
636,-55.536,-42.320,-55.999
637,-53.816,-42.659,-55.640
638,-54.266,-42.336,-53.356
639,-55.268,-42.179,-54.045
640,-55.407,-42.406,-55.237
641,-53.938,-42.707,-55.586
642,-53.856,-42.264,-52.983
643,-55.025,-42.193,-53.086
644,-54.922,-42.433,-54.344
645,-53.697,-42.536,-55.214
646,-53.298,-42.388,-53.073
647,-54.670,-42.169,-52.710
648,-54.491,-42.227,-54.875
649,-53.485,-42.417,-54.500
650,-52.640,-42.352,-52.988
651,-53.588,-42.124,-52.197
652,-54.199,-42.326,-53.568
653,-53.590,-42.500,-53.809
654,-53.086,-42.540,-52.890
655,-53.881,-42.102,-51.984
656,-53.681,-42.198,-53.831
657,-53.345,-42.419,-53.657
658,-52.521,-42.518,-52.907
659,-52.689,-42.165,-51.788
660,-52.970,-42.269,-52.854
661,-52.785,-42.473,-53.206
662,-52.198,-42.434,-52.230
663,-52.624,-42.165,-51.661
664,-52.477,-42.152,-52.669
665,-52.515,-42.317,-53.022
666,-52.445,-42.569,-52.259
667,-52.679,-42.158,-51.806
668,-52.332,-42.159,-51.988
669,-51.980,-42.305,-52.493
670,-52.609,-42.561,-52.285
671,-52.932,-42.233,-52.295
672,-51.924,-42.138,-52.082
673,-51.722,-42.182,-52.047
674,-52.437,-42.443,-52.038
675,-52.192,-42.231,-51.722
676,-51.324,-42.055,-51.400
677,-51.183,-42.202,-51.587
678,-52.452,-42.554,-51.888
679,-52.256,-42.313,-51.951
680,-51.319,-42.061,-51.279
681,-51.139,-42.179,-50.936
682,-52.261,-42.357,-51.544
683,-52.206,-42.333,-51.999
684,-51.094,-42.044,-51.384
685,-51.219,-42.229,-50.919
686,-52.449,-42.368,-52.109
687,-52.075,-42.518,-52.083
688,-50.950,-42.121,-50.946
689,-51.154,-42.043,-50.884
690,-51.956,-42.177,-51.574
691,-51.910,-42.425,-51.468
692,-51.223,-42.080,-50.656
693,-50.974,-42.055,-50.764
694,-51.236,-42.314,-51.225
695,-51.654,-42.462,-51.518
696,-51.299,-42.067,-51.127
697,-50.973,-41.989,-50.822
698,-51.100,-42.110,-51.106
699,-51.902,-42.332,-51.706
700,-51.462,-42.141,-51.523
701,-50.868,-42.076,-50.759
702,-51.221,-42.121,-50.816
703,-52.124,-42.382,-51.693
704,-51.702,-42.348,-51.546
705,-50.785,-42.023,-50.662
706,-51.176,-42.016,-51.109
707,-51.794,-42.388,-51.478
708,-51.600,-42.324,-51.261
709,-50.926,-42.007,-50.708
710,-51.041,-42.044,-50.574
711,-51.381,-42.239,-50.807
712,-51.820,-42.326,-51.132
713,-51.142,-42.028,-50.842
714,-50.582,-42.140,-50.633
715,-51.480,-42.194,-51.182
716,-51.951,-42.323,-51.675
717,-51.210,-42.009,-51.054
718,-50.797,-41.981,-50.538
719,-51.306,-42.054,-51.126
720,-51.652,-42.425,-51.553
721,-51.343,-42.211,-51.062
722,-50.847,-42.039,-50.695
723,-51.028,-42.094,-50.798
724,-51.839,-42.348,-51.523
725,-51.517,-42.148,-51.455
726,-50.724,-41.942,-50.767
727,-50.861,-42.068,-50.342
728,-51.546,-42.199,-51.302
729,-51.641,-42.263,-51.317
730,-50.842,-41.886,-50.751
731,-50.730,-41.905,-50.508
732,-51.224,-42.045,-51.254
733,-51.731,-42.204,-51.601
734,-51.163,-41.931,-50.999
735,-51.064,-41.926,-50.818
736,-51.584,-42.056,-51.254
737,-51.687,-42.362,-51.739
738,-50.995,-42.016,-51.131
739,-50.734,-41.869,-50.543
740,-51.272,-41.989,-50.894
741,-51.996,-42.299,-51.655
742,-51.212,-42.045,-51.044
743,-50.413,-41.885,-50.189
744,-50.620,-41.939,-50.407
745,-51.492,-42.142,-51.488
746,-51.543,-42.066,-51.484
747,-50.756,-41.941,-50.723
748,-50.790,-41.896,-50.462
749,-51.368,-42.051,-51.279
750,-51.492,-42.276,-51.472
751,-51.031,-41.912,-51.009
752,-50.668,-41.823,-50.477
753,-51.343,-41.916,-51.185
754,-51.849,-42.381,-51.686
755,-51.307,-41.958,-50.929
756,-50.564,-41.950,-50.183
757,-50.844,-42.117,-50.850
758,-51.575,-42.233,-51.604
759,-51.214,-41.993,-51.123
760,-50.626,-41.832,-50.547
761,-50.662,-41.879,-50.707
762,-51.193,-42.093,-51.213
763,-51.099,-42.238,-51.289
764,-50.368,-42.016,-50.574
765,-50.592,-41.844,-50.819
766,-51.264,-42.093,-51.359
767,-51.814,-42.250,-51.693
768,-51.068,-41.892,-50.810
769,-50.457,-41.749,-50.534
770,-50.981,-41.956,-51.175
771,-51.716,-42.202,-51.481
772,-51.320,-41.790,-51.098
773,-50.575,-41.741,-50.483
774,-50.920,-41.798,-50.612
775,-51.536,-42.018,-51.021
776,-51.088,-41.861,-50.829
777,-50.459,-41.861,-50.467
778,-50.520,-41.791,-50.440
779,-51.034,-41.960,-51.150
780,-51.287,-42.062,-51.268
781,-50.599,-41.754,-50.442
782,-50.483,-41.658,-50.315
783,-51.059,-41.808,-50.836
784,-51.468,-42.204,-51.442
785,-51.097,-41.768,-50.941
786,-50.541,-41.700,-50.510
787,-50.899,-41.744,-50.786
788,-51.478,-42.003,-51.335
789,-50.894,-41.796,-50.955
790,-50.258,-41.656,-50.343
791,-50.385,-41.740,-50.274
792,-51.153,-41.879,-50.906
793,-51.443,-41.966,-51.434
794,-51.106,-41.772,-50.605
795,-50.541,-41.562,-50.146
796,-50.696,-41.728,-50.720
797,-51.138,-41.937,-51.164
798,-50.699,-41.751,-50.424
799,-50.235,-41.676,-50.046
800,-50.368,-41.785,-50.184
801,-51.155,-42.014,-50.891
802,-50.721,-41.640,-50.433
803,-50.208,-41.550,-50.170
804,-50.541,-41.586,-50.190
805,-51.182,-41.791,-50.815
806,-51.113,-41.835,-50.899
807,-50.252,-41.677,-50.116
808,-50.072,-41.591,-49.920
809,-50.750,-41.668,-50.755
810,-51.225,-41.935,-50.949
811,-50.642,-41.602,-50.453
812,-50.163,-41.424,-49.957
813,-50.376,-41.497,-49.967
814,-50.923,-41.857,-50.523
815,-50.403,-41.610,-50.223
816,-49.941,-41.545,-50.124
817,-50.378,-41.522,-50.292
818,-51.215,-41.735,-50.907
819,-51.074,-41.607,-50.934
820,-50.430,-41.469,-50.389
821,-50.265,-41.419,-49.850
822,-50.831,-41.566,-50.507
823,-51.244,-41.691,-51.109
824,-50.668,-41.519,-50.318
825,-50.321,-41.364,-49.890
826,-50.607,-41.356,-50.059
827,-51.004,-41.792,-50.765
828,-50.523,-41.625,-50.459
829,-50.143,-41.443,-49.847
830,-50.254,-41.310,-50.130
831,-50.981,-41.660,-50.861
832,-51.014,-41.547,-50.851
833,-50.233,-41.353,-49.979
834,-50.021,-41.406,-49.732
835,-50.566,-41.653,-50.449
836,-51.226,-41.714,-50.962
837,-50.730,-41.466,-50.872
838,-50.484,-41.504,-50.137
839,-50.697,-41.437,-50.356
840,-51.435,-41.626,-51.044
841,-50.862,-41.525,-50.770
842,-50.277,-41.483,-50.078
843,-50.125,-41.371,-49.993
844,-50.777,-41.659,-50.607
845,-51.014,-41.814,-50.597
846,-50.541,-41.489,-50.102
847,-49.962,-41.377,-49.519
848,-50.334,-41.447,-50.095
849,-50.811,-41.728,-50.940
850,-50.469,-41.385,-50.752
851,-50.045,-41.368,-50.134
852,-50.256,-41.490,-50.205
853,-51.135,-41.722,-50.844
854,-51.003,-41.562,-50.381
855,-50.406,-41.384,-49.710
856,-50.408,-41.382,-50.122
857,-51.193,-41.443,-51.060
858,-51.532,-41.491,-51.129
859,-50.800,-41.374,-50.234
860,-50.365,-41.316,-50.026
861,-50.697,-41.284,-50.159
862,-51.379,-41.602,-50.657
863,-50.988,-41.451,-50.482
864,-50.246,-41.290,-50.101
865,-50.177,-41.153,-49.968
866,-50.865,-41.572,-50.607
867,-50.792,-41.468,-50.902
868,-50.048,-41.250,-50.269
869,-50.103,-41.241,-50.067
870,-50.903,-41.449,-50.634
871,-51.422,-41.561,-51.281
872,-51.123,-41.352,-50.937
873,-50.380,-41.425,-50.270
874,-50.578,-41.317,-50.405
875,-51.374,-41.499,-51.159
876,-51.196,-41.409,-51.102
877,-50.757,-41.361,-50.525
878,-50.559,-41.288,-50.275
879,-51.103,-41.375,-50.689
880,-51.266,-41.618,-50.926
881,-50.744,-41.456,-50.568
882,-50.078,-41.280,-50.076
883,-50.200,-41.248,-50.254
884,-51.213,-41.676,-51.071
885,-51.086,-41.488,-50.707
886,-50.406,-41.307,-50.076
887,-50.331,-41.240,-50.140
888,-50.814,-41.582,-50.862
889,-51.150,-41.583,-51.232
890,-50.661,-41.306,-50.686
891,-50.403,-41.353,-50.253
892,-50.950,-41.455,-50.751
893,-51.750,-41.657,-51.095
894,-51.067,-41.411,-50.914
895,-50.504,-41.416,-50.340
896,-50.483,-41.209,-50.447
897,-51.360,-41.430,-51.269
898,-51.342,-41.487,-51.291
899,-50.726,-41.426,-50.587
900,-50.330,-41.287,-50.212
901,-50.796,-41.360,-50.574
902,-51.145,-41.573,-50.948
903,-50.609,-41.295,-50.496
904,-50.219,-41.182,-50.310
905,-50.356,-41.164,-50.324
906,-51.215,-41.469,-51.080
907,-51.099,-41.378,-50.953
908,-50.708,-41.240,-50.351
909,-50.296,-41.095,-50.096
910,-50.797,-41.280,-50.640
911,-51.601,-41.404,-51.340
912,-51.095,-41.152,-50.790
913,-50.598,-41.116,-50.235
914,-50.792,-41.108,-50.341
915,-51.457,-41.423,-50.975
916,-51.034,-41.241,-50.724
917,-50.457,-41.187,-50.322
918,-50.356,-41.102,-50.397
919,-51.059,-41.230,-50.769
920,-51.268,-41.337,-50.960
921,-50.596,-41.203,-50.433
922,-50.062,-41.163,-50.023
923,-50.537,-41.091,-50.348
924,-51.374,-41.343,-51.062
925,-51.254,-41.195,-51.140
926,-50.858,-41.138,-50.579
927,-50.568,-41.017,-50.341
928,-51.189,-41.293,-50.841
929,-51.496,-41.467,-51.101
930,-51.151,-41.193,-50.630
931,-50.489,-41.064,-50.038
932,-50.612,-41.058,-50.372
933,-51.449,-41.307,-50.895
934,-51.242,-41.141,-50.448
935,-50.488,-41.142,-50.116
936,-50.328,-41.130,-50.123
937,-50.942,-41.279,-50.463
938,-51.401,-41.391,-50.817
939,-50.524,-41.238,-50.477
940,-50.159,-41.178,-50.261
941,-50.596,-41.008,-50.555
942,-51.308,-41.126,-51.118
943,-51.144,-41.024,-50.754
944,-50.526,-41.103,-50.034
945,-50.647,-40.992,-50.136
946,-51.176,-41.194,-50.786
947,-51.562,-41.252,-51.311
948,-51.094,-41.107,-50.865
949,-50.389,-40.929,-50.089
950,-50.785,-40.804,-50.436
951,-51.341,-41.192,-50.920
952,-51.197,-40.974,-50.653
953,-50.831,-40.797,-50.488
954,-50.486,-40.730,-50.325
955,-51.040,-40.986,-50.571
956,-51.186,-41.084,-50.564
957,-50.618,-40.833,-50.302
958,-50.168,-40.823,-49.993
959,-50.372,-40.785,-50.300
960,-51.121,-41.002,-51.195
961,-51.010,-40.759,-51.180
962,-50.589,-40.776,-50.115
963,-50.295,-40.682,-49.862
964,-50.618,-40.793,-50.186
965,-51.144,-40.851,-50.719
966,-50.820,-40.808,-50.585
967,-50.448,-40.709,-50.145
968,-50.701,-40.579,-50.553
969,-51.320,-40.911,-50.992
970,-51.409,-40.806,-50.590
971,-50.693,-40.743,-50.273
972,-50.291,-40.587,-49.921
973,-50.543,-40.624,-50.399
974,-51.224,-40.906,-50.928
975,-51.086,-40.724,-50.942
976,-50.245,-40.626,-50.065
977,-49.868,-40.502,-49.553
978,-50.787,-40.855,-50.489
979,-51.160,-40.829,-50.781
980,-50.534,-40.556,-50.113
981,-50.121,-40.554,-49.722
982,-50.474,-40.716,-50.621
983,-51.369,-40.786,-51.360
984,-51.012,-40.504,-50.499
985,-50.373,-40.619,-50.057
986,-50.480,-40.673,-49.688
987,-50.961,-40.786,-50.185
988,-51.165,-40.675,-50.624
989,-50.840,-40.684,-50.614
990,-50.496,-40.509,-50.095
991,-50.613,-40.330,-50.309
992,-51.196,-40.603,-50.788
993,-51.119,-40.466,-50.513
994,-50.104,-40.393,-49.905
995,-49.878,-40.114,-49.706
996,-50.649,-40.343,-50.317
997,-51.020,-40.582,-50.721
998,-50.490,-40.278,-50.413
999,-50.038,-40.153,-49.877
1000,-50.168,-40.108,-49.610
1001,-50.955,-40.406,-50.436


STATE,0.vs,ZZZZZ000000097CW00lWW0mbyy7oOdm05(udn8c)8crGssZ(PBzQ7Q,Z6xhKXA9He6DCk1SfkHLELTm3V0IHt8N1AGHAG5UzR(RPAMfAKfeBQ,Z0VSYvS7IcZTq3881EeXIOZMrkZdfdVdG4zbs200
STATE,1.vs,ZZZZZ000001796CW00lq1Dy4zi7Ra6Ced(8nmO7pucpmtYVQMtjoZV,ZyJ94ffi1jqHf6DR86Kd2HJ8GFMWgr9GThA)k0h8(dTXl9BVOFvPE6,Z05Q6zy7peL)oMsctgUNsEcn5AB5Tk5)odlAAo5(I8Un16X9HiyzFU,ZxuNZgygcnA4OOZHG3HjAHrOOb(tJewgIHipp4csu6qjBx7Sr7Umd(,Zdwt780Fy11CGnDUi7Zc)8DpDzK1YA48UnHSyWFuUZxeaKeescA3OO,Z3UO3zDZjDO8jWrJUn3F8RTWYCTD8SXAPC4WWLGtaQtoCXMZNhQBBU,Z1h8S77g5aePp7JaKU6GdmWTk)jEu2VCcI077CzmGxGFlxZku)uloO,ZHyG3kpUcCXQriKsAW8Ca9hu54g04rLYfR7EP)emV5SAwHszobzsaq,ZJYbrafS(ND5Y4ntKyWy(zcbOeY4BfNAbvcD3oN)5zMCL65pbH1GTQ,ZFCNZRQ0lgJ(5oZ6KZpfv1qV5wydNLDApwg9038sD2pOleXlM6)dXF,ZQMvz6kfZlhv6L33yuHLfnrS0IH1gRtwKIs0vr4zoaGqfbLtC7zdRK,Zs83N)0ApBnLszUDSS1PzU3zBpzsgw2x2l5ExDDwhChntKUNW3BJRZ,ZeYE1tm1qvVUqT8mYlbhogNyf6tJ3a4E5e2P4Vf78NiL2MOiNGo127,Z)Cm5ndg8Wg)e)W8IfOkMLuIMv7q2KIcPS9G8H(qXyneTSu716TbH2,ZR)OP)JmYCCo0z5NWJnoxKLH7Ic52tg5Z4W5iacT0yRlohkXw6AEGN,ZZuhY0estIrns(qKhzD8IFoyuf81YyaKXrBThSpa8hY3N)Jw6Mdf7r,Z(c2DyEzw9C(KMY0GHEYo9hFblDkN6YsNhM0t5IYXz9MRf1IOQ1AHm,Z9PbyW14GSwzzmTTUMony7SBzT0kvtQTedhTuGFs08j)e83nDz(mTh,Z48u(GvlgLD9YPq175NGRpJMT8mX4K4mBehi5I638YgB)O8gjn(p87,ZjE6roT9F0w4sUgQtUsG4aNTQgImwJ9h3vJb30CXT1M9W31ArjBDPA,ZDVOwmWhkpiuq0nyD69RcG2NgibSiA2m5GfRwuYU1IgBwuVLA6hAgS,Zzxnd0)wIOE187Qmoh76uDnykad7KgiaLGCc5QEBN8QNzL7kR62ldm,ZgQYgGRZhb3NQ8t978YwCljtO5X0y7rTtW82SZaqBxYreRS8sKia2Z,ZkBhTMisybDqjOL4ojNTXuSBuV07OMaMA2dlCVuzgtOk5uceGhCGXr,Zgkgm(WJaAPAIJ2P5k5ELsNwM(7Z1FptJx1Rl4K)y9R4Ns0chA4m1W,ZRQ6mAgqvoSEfhBWYACBq8ukjaSB7KwEVWg1(2VkIlbO9I)69R8H3b,ZOep6veQD8FAwB4KKxuEuIVE886WFLge59eVQkpDFK3ITly0HGaW9k,ZVw82HVV5x59nuTkPmu7KS5HfbtKh3UP97(sfV1wHk3Pa9eQV073RV,Z3L7OuDZDkGfHGdrOKc0XOcgOTxh66WblPo2SpFrE3vlSCdpCOAo7M,Zp(JeEAuUmYMi3M7KxY0xlEZC07XdjVNSm5ZAmi44G2eq0tbqRxlAa,ZaAoTBrOFR5AXfJ7jWWNXFRZS8nvvlMwjPji4IvYvs3rVoNzHQnu1e,ZWO(PX7KT4FT(ma3BiTbay0VC)ENTqzMvCahrceYyYrYgRgYDhqi2J,Zzm4D8ATqbXYhjjaSBzPEcxGs9vckYWLSCXW4A68Oqul2iXdJJI6Xc,Zn4pzUlUlvmI1hd0sVzpp(ACchcau0Wo7IdMdTDAWHwb3oCcfjWtCV,ZMg(ybU(d(MUIs0CIg675TxcD3mpyZ(mk91mOAe(l5Z3aRyKTvKaUg,Zhj9LRGR2vpL2Otvb5A1oG74kZDBJ1hQKOqOPwXh7p2o(dKK7Wbe5d,Zbp2GFHncioQyePG92aF5SMTedLroVEdzQ(4bg82JHHPWPTxMrXH6z,Z9EEOxtKGUVvK4TDxc)fHkGUgiUISdpyYiP2A3oEhWGGrH(nDFxbKV,Zo2saANWF9Q1AEFefJkeGs)sY59eli2PbbGwQwoAOG3FXm6V9B9(qr,ZW0CPdA1GL2ywM9qeqrVry7ZmOUwWOVJ2Ztsy3CaHgvEJj50t2TsV1,Z17(88shAe9U5tWabbs0M0JoZJ4VZszvEjE(YsKVkQ4o8UKGV6y8jn,Zco1wn04eF208OSrJtSqdy6XZut60nvRFnJ6ACv2kG(onlC5nd3pk),Z9ZUBkOD0xIMf0DzUs)ab3eshESDjg9aWeEfpSuz7PyARXDz4Pl8nl,ZsZHpFimUdoDg01swhtIf881CZZtOXrfPZ0MpcEStYRe(AN(YPQ0lD,ZBBD8ayrjbg5gyLH6fx6mDBoXKdphfpYe14rATtkx78Ffq7ZFVJ36x,Z17qabsz7XADwQMLe3JdOrSB0
